#{"t_start": 1703452618.452137, "env_id": "CartPole-v1"}
r,l,t
500.0,500,8.21906
500.0,500,8.781559
500.0,500,9.323992
500.0,500,9.873053
500.0,500,10.409338
